{
  "tp": 50.0,
  "sl": 10.0,
  "cost": 0.0,
  "results": {
    "long": {
      "name": "long",
      "thr": 0.3,
      "valid_trades": 12,
      "valid_ev": 15.000000000000004,
      "test_trades": 0,
      "test_precision": NaN,
      "test_ev_per_trade": NaN
    },
    "short": {
      "name": "short",
      "thr": 0.15492957746478872,
      "valid_trades": 71,
      "valid_ev": -0.704225352112676,
      "test_trades": 34,
      "test_precision": 0.14705882352941177,
      "test_ev_per_trade": -1.1764705882352935
    }
  }
}