{
  "long": 0.2790697674418605,
  "short": 0.2962962962962963
}